gene_symbols,gene_symbols
ISG15,ISG15
TNFRSF18,TNFRSF18
TNFRSF4,TNFRSF4
PUSL1,PUSL1
ATAD3C,ATAD3C
ATAD3B,ATAD3B
MIB2,MIB2
MMP23B,MMP23B
PRKCZ,PRKCZ
PLCH2,PLCH2
PANK4,PANK4
MEGF6,MEGF6
TPRG1L,TPRG1L
WRAP73,WRAP73
DFFB,DFFB
ICMT,ICMT
TNFRSF25,TNFRSF25
KLHL21,KLHL21
PHF13,PHF13
UTS2,UTS2
TNFRSF9,TNFRSF9
GPR157,GPR157
KIF1B,KIF1B
CASZ1,CASZ1
FBXO2,FBXO2
MFN2,MFN2
TNFRSF1B,TNFRSF1B
DNAJC16,DNAJC16
AGMAT,AGMAT
DDI2,DDI2
ZBTB17,ZBTB17
ARHGEF19,ARHGEF19
FBXO42,FBXO42
CROCC,CROCC
ATP13A2,ATP13A2
PADI2,PADI2
IFFO2,IFFO2
NBL1,NBL1
TMCO4,TMCO4
OTUD3,OTUD3
UBXN10-AS1,UBXN10-AS1
CAMK2N1,CAMK2N1
ECE1,ECE1
NBPF3,NBPF3
ZBTB40,ZBTB40
C1QA,C1QA
C1QC,C1QC
C1QB,C1QB
TCEA3,TCEA3
ID3,ID3
MDS2,MDS2
GALE,GALE
CNR2,CNR2
STPG1,STPG1
RCAN3,RCAN3
RUNX3,RUNX3
STMN1,STMN1
PAFAH2,PAFAH2
UBXN11,UBXN11
CD52,CD52
ZNF683,ZNF683
PIGV,PIGV
ZDHHC18,ZDHHC18
GPN2,GPN2
KDF1,KDF1
MAP3K6,MAP3K6
FGR,FGR
IFI6,IFI6
FAM76A,FAM76A
EYA3,EYA3
MED18,MED18
GMEB1,GMEB1
MATN1-AS1,MATN1-AS1
CCDC28B,CCDC28B
MARCKSL1,MARCKSL1
AZIN2,AZIN2
TRIM62,TRIM62
ZMYM6,ZMYM6
ZMYM1,ZMYM1
NCDN,NCDN
C1orf216,C1orf216
LINC01137,LINC01137
ZC3H12A,ZC3H12A
SNIP1,SNIP1
C1orf109,C1orf109
MTF1,MTF1
INPP5B,INPP5B
HPCAL4,HPCAL4
ZFP69,ZFP69
NFYC-AS1,NFYC-AS1
SCMH1,SCMH1
C1orf50,C1orf50
ZNF691,ZNF691
SLC2A1,SLC2A1
SZT2,SZT2
KDM4A,KDM4A
HECTD3,HECTD3
IPP,IPP
CDKN2C,CDKN2C
KTI12,KTI12
CC2D1B,CC2D1B
ZYG11B,ZYG11B
LRP8,LRP8
NDC1,NDC1
SSBP3,SSBP3
PARS2,PARS2
TTC22,TTC22
JUN,JUN
HOOK1,HOOK1
NFIA,NFIA
ALG6,ALG6
ITGB3BP,ITGB3BP
EFCAB7,EFCAB7
PDE4B,PDE4B
IL12RB2,IL12RB2
GADD45A,GADD45A
LRRC40,LRRC40
CTH,CTH
LRRIQ3,LRRIQ3
AK5,AK5
IFI44L,IFI44L
MCOLN2,MCOLN2
ZNHIT6,ZNHIT6
HS2ST1,HS2ST1
RBMXL1,RBMXL1
GBP3,GBP3
GBP5,GBP5
LRRC8B,LRRC8B
LRRC8D,LRRC8D
TGFBR3,TGFBR3
BTBD8,BTBD8
GFI1,GFI1
CCDC18,CCDC18
ABCD3,ABCD3
PTBP2,PTBP2
AGL,AGL
SASS6,SASS6
TRMT13,TRMT13
DBT,DBT
CDC14A,CDC14A
S1PR1,S1PR1
KIAA1324,KIAA1324
CYB561D1,CYB561D1
AMIGO1,AMIGO1
GSTM3,GSTM3
CSF1,CSF1
RBM15,RBM15
KCNA3,KCNA3
LRIF1,LRIF1
CHI3L2,CHI3L2
C1orf162,C1orf162
DDX20,DDX20
ST7L,ST7L
MOV10,MOV10
RHOC,RHOC
SLC16A1,SLC16A1
SLC16A1-AS1,SLC16A1-AS1
LRIG2,LRIG2
MAGI3,MAGI3
PHTF1,PHTF1
RSBN1,RSBN1
AP4B1,AP4B1
TSPAN2,TSPAN2
VANGL1,VANGL1
CD2,CD2
GDAP2,GDAP2
GPR89A,GPR89A
CD160,CD160
PIAS3,PIAS3
TXNIP,TXNIP
PRKAB2,PRKAB2
BCL9,BCL9
NBPF11,NBPF11
PPIAL4G,PPIAL4G
FCGR1A,FCGR1A
HIST2H2BF,HIST2H2BF
HIST2H2AB,HIST2H2AB
SV2A,SV2A
OTUD7B,OTUD7B
TARS2,TARS2
FALEC,FALEC
GOLPH3L,GOLPH3L
CTSS,CTSS
C1orf56,C1orf56
MLLT11,MLLT11
GABPB2,GABPB2
TDRKH,TDRKH
RORC,RORC
S100A11,S100A11
S100A9,S100A9
S100A8,S100A8
S100A6,S100A6
S100A4,S100A4
ATP8B2,ATP8B2
UBE2Q1,UBE2Q1
PBXIP1,PBXIP1
TRIM46,TRIM46
THBS3,THBS3
ASH1L-AS1,ASH1L-AS1
MSTO1,MSTO1
RIT1,RIT1
LMNA,LMNA
PAQR6,PAQR6
TMEM79,TMEM79
SH2D2A,SH2D2A
FCRL3,FCRL3
CD1C,CD1C
CD1E,CD1E
MNDA,MNDA
PYHIN1,PYHIN1
AIM2,AIM2
FCER1A,FCER1A
FCRL6,FCRL6
TAGLN2,TAGLN2
PIGM,PIGM
SLAMF6,SLAMF6
SLAMF7,SLAMF7
CD244,CD244
USP21,USP21
PPOX,PPOX
FCER1G,FCER1G
FCGR2A,FCGR2A
FCGR3A,FCGR3A
FCGR2B,FCGR2B
SH2D1B,SH2D1B
TADA1,TADA1
GPA33,GPA33
POU2F1,POU2F1
XCL2,XCL2
XCL1,XCL1
NME7,NME7
F5,F5
C1orf112,C1orf112
SELL,SELL
SCYL3,SCYL3
GORAB,GORAB
METTL13,METTL13
FASLG,FASLG
CENPL,CENPL
ZBTB37,ZBTB37
ABL2,ABL2
GLUL,GLUL
RGS16,RGS16
COLGALT2,COLGALT2
C1orf21,C1orf21
TRMT1L,TRMT1L
SWT1,SWT1
RGS1,RGS1
RGS2,RGS2
B3GALT2,B3GALT2
CFH,CFH
KIF21B,KIF21B
PHLDA3,PHLDA3
LGR6,LGR6
UBE2T,UBE2T
KDM5B,KDM5B
BTG2,BTG2
LAX1,LAX1
PPP1R15B,PPP1R15B
PIK3C2B,PIK3C2B
RBBP5,RBBP5
DSTYK,DSTYK
MAPKAPK2,MAPKAPK2
IL10,IL10
FCMR,FCMR
CD55,CD55
HHAT,HHAT
INTS7,INTS7
CENPF,CENPF
GPATCH2,GPATCH2
BPNT1,BPNT1
TAF1A,TAF1A
TP53BP2,TP53BP2
FBXO28,FBXO28
NVL,NVL
SDE2,SDE2
ZNF678,ZNF678
JMJD4,JMJD4
OBSCN,OBSCN
HIST3H2A,HIST3H2A
GALNT2,GALNT2
TTC13,TTC13
ARV1,ARV1
EXOC8,EXOC8
LYST,LYST
EDARADD,EDARADD
HEATR1,HEATR1
CHRM3-AS2,CHRM3-AS2
AKT3,AKT3
SMYD3,SMYD3
ZNF669,ZNF669
SH3BP5L,SH3BP5L
ZNF692,ZNF692
PGBD2,PGBD2
SH3YL1,SH3YL1
RNASEH1-AS1,RNASEH1-AS1
RSAD2,RSAD2
RNF144A,RNF144A
ID2,ID2
TAF1B,TAF1B
NOL10,NOL10
ROCK2,ROCK2
SMC6,SMC6
LINC00954,LINC00954
TTC32,TTC32
WDR35,WDR35
RHOB,RHOB
LDAH,LDAH
ATAD2B,ATAD2B
FAM228B,FAM228B
ADCY3,ADCY3
DNAJC27,DNAJC27
DTNB,DTNB
SLC5A6,SLC5A6
CAD,CAD
KRTCAP3,KRTCAP3
IFT172,IFT172
RBKS,RBKS
FOSL2,FOSL2
CLIP4,CLIP4
LBH,LBH
LCLAT1,LCLAT1
TTC27,TTC27
FAM98A,FAM98A
CRIM1,CRIM1
STRN,STRN
GPATCH11,GPATCH11
NDUFAF7,NDUFAF7
PRKD3,PRKD3
HNRNPLL,HNRNPLL
ZFP36L2,ZFP36L2
CAMKMT,CAMKMT
SRBD1,SRBD1
ATP6V1E2,ATP6V1E2
SOCS5,SOCS5
MSH2,MSH2
SPTBN1,SPTBN1
PNPT1,PNPT1
BCL11A,BCL11A
REL,REL
PUS10,PUS10
PEX13,PEX13
KIAA1841,KIAA1841
FAM161A,FAM161A
B3GNT2,B3GNT2
WDPCP,WDPCP
ETAA1,ETAA1
PLEK,PLEK
FBXO48,FBXO48
GFPT1,GFPT1
GMCL1,GMCL1
C2orf42,C2orf42
PCYOX1,PCYOX1
PAIP2B,PAIP2B
EXOC6B,EXOC6B
RAB11FIP5,RAB11FIP5
SMYD5,SMYD5
ALMS1,ALMS1
BOLA3-AS1,BOLA3-AS1
CCDC142,CCDC142
SEMA4F,SEMA4F
GCFC2,GCFC2
TRABD2A,TRABD2A
KCMF1,KCMF1
RETSAT,RETSAT
CAPG,CAPG
GNLY,GNLY
KDM3A,KDM3A
CD8A,CD8A
CD8B,CD8B
AC133644.2,AC133644.2
RGPD2,RGPD2
AC062029.1,AC062029.1
IGKC,IGKC
MAL,MAL
ZNF2,ZNF2
LINC00342,LINC00342
ANKRD36C,ANKRD36C
DUSP2,DUSP2
ITPRIPL1,ITPRIPL1
KANSL3,KANSL3
CNNM3,CNNM3
ANKRD39,ANKRD39
SEMA4C,SEMA4C
FAHD2B,FAHD2B
ANKRD36,ANKRD36
ANKRD36B,ANKRD36B
TSGA10,TSGA10
LIPT1,LIPT1
IL1R2,IL1R2
IL18R1,IL18R1
IL18RAP,IL18RAP
TGFBRAP1,TGFBRAP1
NCK2,NCK2
LIMS1,LIMS1
BCL2L11,BCL2L11
MIR4435-2HG,MIR4435-2HG
FBLN7,FBLN7
ZC3H6,ZC3H6
POLR1B,POLR1B
IL1B,IL1B
RABL2A,RABL2A
MARCO,MARCO
TMEM177,TMEM177
EPB41L5,EPB41L5
CLASP1,CLASP1
NIFK-AS1,NIFK-AS1
SFT2D3,SFT2D3
SAP130,SAP130
MGAT5,MGAT5
MCM6,MCM6
CXCR4,CXCR4
GTDC1,GTDC1
ZEB2,ZEB2
KIF5C,KIF5C
RBM43,RBM43
NR4A2,NR4A2
ACVR1C,ACVR1C
ACVR1,ACVR1
PKP4,PKP4
WDSUB1,WDSUB1
DPP4,DPP4
IFIH1,IFIH1
COBLL1,COBLL1
TTC21B,TTC21B
STK39,STK39
FASTKD1,FASTKD1
METTL8,METTL8
DCAF17,DCAF17
METAP1D,METAP1D
ITGA6,ITGA6
PDK1,PDK1
CDCA7,CDCA7
CHN1,CHN1
RBM45,RBM45
TTN-AS1,TTN-AS1
TTN,TTN
CCDC141,CCDC141
ITGA4,ITGA4
NCKAP1,NCKAP1
NUP35,NUP35
SLC40A1,SLC40A1
ANKAR,ANKAR
OSGEPL1,OSGEPL1
PMS1,PMS1
MFSD6,MFSD6
NEMP2,NEMP2
STAT1,STAT1
PGAP1,PGAP1
MARS2,MARS2
PLCL1,PLCL1
C2orf69,C2orf69
KCTD18,KCTD18
ORC2,ORC2
CASP10,CASP10
CASP8,CASP8
WDR12,WDR12
CARF,CARF
CTLA4,CTLA4
ZDBF2,ZDBF2
PLEKHM3,PLEKHM3
IKZF2,IKZF2
SPAG16,SPAG16
BARD1,BARD1
FN1,FN1
PECR,PECR
TMEM169,TMEM169
SLC11A1,SLC11A1
USP37,USP37
ZNF142,ZNF142
CYP27A1,CYP27A1
CHPF,CHPF
EPHA4,EPHA4
SGPP2,SGPP2
WDFY1,WDFY1
SERPINE2,SERPINE2
ITM2C,ITM2C
NMUR1,NMUR1
DIS3L2,DIS3L2
ATG16L1,ATG16L1
DGKD,DGKD
TRAF3IP1,TRAF3IP1
ASB1,ASB1
HDAC4,HDAC4
ANKMY1,ANKMY1
DUSP28,DUSP28
PASK,PASK
D2HGDH,D2HGDH
PDCD1,PDCD1
RTP5,RTP5
BHLHE40-AS1,BHLHE40-AS1
BHLHE40,BHLHE40
RAD18,RAD18
PRRT3,PRRT3
FANCD2,FANCD2
TATDN2,TATDN2
TAMM41,TAMM41
TSEN2,TSEN2
NUP210,NUP210
HDAC11,HDAC11
WNT7A,WNT7A
NR2C2,NR2C2
SH3BP5-AS1,SH3BP5-AS1
METTL6,METTL6
COLQ,COLQ
BTD,BTD
ANKRD28,ANKRD28
OXNAD1,OXNAD1
PLCL2,PLCL2
SATB1,SATB1
NKIRAS1,NKIRAS1
OXSM,OXSM
EOMES,EOMES
CMC1,CMC1
OSBPL10,OSBPL10
GPD1L,GPD1L
CCR4,CCR4
EPM2AIP1,EPM2AIP1
LRRFIP2,LRRFIP2
GOLGA4,GOLGA4
DLEC1,DLEC1
ACVR2B,ACVR2B
CX3CR1,CX3CR1
ZNF619,ZNF619
ZNF620,ZNF620
ZNF621,ZNF621
ULK4,ULK4
ABHD5,ABHD5
ZNF852,ZNF852
TMEM42,TMEM42
FYCO1,FYCO1
CXCR6,CXCR6
CCR2,CCR2
CCR5,CCR5
LRRC2,LRRC2
NBEAL2,NBEAL2
ZNF589,ZNF589
ARIH2OS,ARIH2OS
P4HTM,P4HTM
USP19,USP19
RNF123,RNF123
IP6K1,IP6K1
CYB561D2.1,CYB561D2.1
C3orf18,C3orf18
CISH,CISH
RAD54L2,RAD54L2
PARP3,PARP3
GLYCTK,GLYCTK
DNAH1,DNAH1
BAP1,BAP1
NEK4,NEK4
SFMBT1,SFMBT1
PDE12,PDE12
ARF4-AS1,ARF4-AS1
DENND6A,DENND6A
DNASE1L3,DNASE1L3
FHIT,FHIT
LRIG1,LRIG1
EOGT,EOGT
EIF4E3,EIF4E3
ZNF654,ZNF654
NSUN3,NSUN3
MTRNR2L12,MTRNR2L12
ARL6,ARL6
CLDND1,CLDND1
CMSS1,CMSS1
ZBTB11,ZBTB11
CEP97,CEP97
NFKBIZ,NFKBIZ
CBLB,CBLB
DZIP3,DZIP3
TRAT1,TRAT1
CD96,CD96
PHLDB2,PHLDB2
GCSAM,GCSAM
BTLA,BTLA
SLC35A5,SLC35A5
CD200R1,CD200R1
SPICE1,SPICE1
USF3,USF3
CCDC191,CCDC191
ZNF80,ZNF80
TIGIT,TIGIT
B4GALT4,B4GALT4
TMEM39A,TMEM39A
POGLUT1,POGLUT1
RABL3,RABL3
GTF2E1,GTF2E1
CSTA,CSTA
WDR5B,WDR5B
PARP15,PARP15
MYLK-AS1,MYLK-AS1
TPRA1,TPRA1
MCM2,MCM2
MGLL,MGLL
HMCES,HMCES
H1FX,H1FX
TRH,TRH
PIK3R4,PIK3R4
ACAD11,ACAD11
NPHP3,NPHP3
TOPBP1,TOPBP1
RYK,RYK
DBR1,DBR1
CEP70,CEP70
FAIM,FAIM
PIK3CB,PIK3CB
PXYLP1,PXYLP1
GK5,GK5
ATR,ATR
HLTF,HLTF
PFN2,PFN2
TSC22D2,TSC22D2
ERICH6-AS1,ERICH6-AS1
GPR171,GPR171
C3orf33,C3orf33
TIPARP-AS1,TIPARP-AS1
TIPARP,TIPARP
MLF1,MLF1
LXN,LXN
SMC4,SMC4
TRIM59,TRIM59
SPTSSB,SPTSSB
SERPINI1,SERPINI1
SKIL,SKIL
EIF5A2,EIF5A2
TNIK,TNIK
FNDC3B,FNDC3B
TNFSF10,TNFSF10
ZMAT3,ZMAT3
PIK3CA,PIK3CA
MFN1,MFN1
YEATS2,YEATS2
ABCC5,ABCC5
SENP2,SENP2
TBCCD1,TBCCD1
RTP4,RTP4
TPRG1,TPRG1
CCDC50,CCDC50
ATP13A4,ATP13A4
TMEM44-AS1,TMEM44-AS1
TNK2,TNK2
TFRC,TFRC
TCTEX1D2,TCTEX1D2
WDR53,WDR53
PIGX,PIGX
CEP19,CEP19
DLG1,DLG1
BDH1,BDH1
RUBCN,RUBCN
ZNF595,ZNF595
ZNF718,ZNF718
ZNF141,ZNF141
PIGG,PIGG
PDE6B,PDE6B
DGKQ,DGKQ
FGFRL1,FGFRL1
SPON2,SPON2
TMEM129,TMEM129
HAUS3,HAUS3
ZFYVE28,ZFYVE28
FAM193A,FAM193A
NOP14-AS1,NOP14-AS1
NOP14,NOP14
LYAR,LYAR
ZBTB49,ZBTB49
NSG1,NSG1
STX18-AS1,STX18-AS1
JAKMIP1,JAKMIP1
TADA2B,TADA2B
AFAP1,AFAP1
TRMT44,TRMT44
ZNF518B,ZNF518B
CLNK,CLNK
CPEB2,CPEB2
CD38,CD38
FGFBP2,FGFBP2
LDB2,LDB2
DCAF16,DCAF16
SEPSECS-AS1,SEPSECS-AS1
PI4K2B,PI4K2B
ZCCHC4,ZCCHC4
ANAPC4,ANAPC4
SEL1L3,SEL1L3
TBC1D19,TBC1D19
ARAP2,ARAP2
DTHD1,DTHD1
WDR19,WDR19
N4BP2,N4BP2
ATP8A1,ATP8A1
GUF1,GUF1
GNPDA2,GNPDA2
NFXL1,NFXL1
TXK,TXK
DCUN1D4,DCUN1D4
CLOCK,CLOCK
CEP135,CEP135
AASDH,AASDH
PPAT,PPAT
HOPX,HOPX
SPINK2,SPINK2
UBA6-AS1,UBA6-AS1
JCHAIN,JCHAIN
SLC4A4,SLC4A4
CXCL8,CXCL8
AREG,AREG
THAP6,THAP6
PRDM8,PRDM8
RASGEF1B,RASGEF1B
LIN54,LIN54
PLAC8,PLAC8
NUDT9,NUDT9
SPP1,SPP1
HERC6,HERC6
HERC5,HERC5
HERC3,HERC3
NAP1L5,NAP1L5
FAM13A,FAM13A
SMARCAD1,SMARCAD1
TSPAN5,TSPAN5
TRMT10A,TRMT10A
BANK1,BANK1
SLC39A8,SLC39A8
SLC9B2,SLC9B2
BDH2,BDH2
CENPE,CENPE
GSTCD,GSTCD
TBCK,TBCK
LEF1,LEF1
SEC24B,SEC24B
ELOVL6,ELOVL6
AP1AR,AP1AR
SEC24D,SEC24D
MAD2L1,MAD2L1
TNIP3,TNIP3
IL2,IL2
SPATA5,SPATA5
SPRY1,SPRY1
MFSD8,MFSD8
LARP1B,LARP1B
RAB33B,RAB33B
ELMOD2,ELMOD2
INPP4B,INPP4B
USP38,USP38
OTUD4,OTUD4
MMAA,MMAA
ZNF827,ZNF827
SLC10A7,SLC10A7
PRMT9,PRMT9
ARHGAP10,ARHGAP10
NR3C2,NR3C2
FBXW7,FBXW7
MAP9,MAP9
C4orf46,C4orf46
ETFDH,ETFDH
NAF1,NAF1
TRIM61,TRIM61
DDX60,DDX60
CBR4,CBR4
NEK1,NEK1
CEP44,CEP44
HPGD,HPGD
ING2,ING2
CASP3,CASP3
PRIMPOL,PRIMPOL
SLC25A4,SLC25A4
SNX25,SNX25
CYP4V2,CYP4V2
CCDC127,CCDC127
EXOC3-AS1,EXOC3-AS1
CEP72,CEP72
LPCAT1,LPCAT1
FAM173B,FAM173B
BASP1,BASP1
DROSHA,DROSHA
C5orf22,C5orf22
RAD1,RAD1
SPEF2,SPEF2
IL7R,IL7R
LMBRD2,LMBRD2
NADK2,NADK2
NUP155,NUP155
TTC33,TTC33
FBXO4,FBXO4
CCDC152,CCDC152
ANXA2R,ANXA2R
HMGCS1,HMGCS1
CCL28,CCL28
NNT-AS1,NNT-AS1
PARP8,PARP8
ITGA1,ITGA1
PELO,PELO
ARL15,ARL15
ESM1,ESM1
GZMK,GZMK
GZMA,GZMA
IL6ST,IL6ST
ANKRD55,ANKRD55
MIER3,MIER3
GAPT,GAPT
PDE4D,PDE4D
IPO11,IPO11
ADAMTS6,ADAMTS6
CENPK,CENPK
TRIM23,TRIM23
TRAPPC13,TRAPPC13
MAST4,MAST4
PIK3R1,PIK3R1
MARVELD2,MARVELD2
GTF2H2C,GTF2H2C
UTP15,UTP15
ENC1,ENC1
FAM169A,FAM169A
GCNT4,GCNT4
POC5,POC5
F2R,F2R
F2RL1,F2RL1
SCAMP1-AS1,SCAMP1-AS1
JMY,JMY
MTX3,MTX3
DHFR,DHFR
RASGRF2,RASGRF2
CKMT2-AS1,CKMT2-AS1
VCAN,VCAN
TMEM161B,TMEM161B
TMEM161B-AS1,TMEM161B-AS1
MEF2C,MEF2C
CETN3,CETN3
LYSMD3,LYSMD3
ARRDC3,ARRDC3
FAM172A,FAM172A
KIAA0825,KIAA0825
SLF1,SLF1
ARSK,ARSK
RFESD,RFESD
PAM,PAM
GIN1,GIN1
CAMK4,CAMK4
APC,APC
MCC,MCC
CEP120,CEP120
CSNK1G3,CSNK1G3
LMNB1,LMNB1
MARCH3,MARCH3
C5orf63,C5orf63
SLC12A2,SLC12A2
ACSL6,ACSL6
IRF1,IRF1
KIF3A,KIF3A
TCF7,TCF7
SEC24A,SEC24A
TGFBI,TGFBI
SMAD5,SMAD5
KLHL3,KLHL3
BRD8,BRD8
CDC23,CDC23
FAM53C,FAM53C
EGR1,EGR1
MZB1,MZB1
SPATA24,SPATA24
DNAJC18,DNAJC18
CXXC5,CXXC5
CD14,CD14
RELL2,RELL2
RBM27,RBM27
PPP2R2B,PPP2R2B
JAKMIP2,JAKMIP2
ADRB2,ADRB2
SLC26A2,SLC26A2
HMGXB3,HMGXB3
CSF1R,CSF1R
CD74,CD74
SLC36A1,SLC36A1
FAM114A2,FAM114A2
GALNT10,GALNT10
GEMIN5,GEMIN5
MED7,MED7
ITK,ITK
ADAM19,ADAM19
PWWP2A,PWWP2A
PTTG1,PTTG1
MIR3142HG,MIR3142HG
SPDL1,SPDL1
DUSP1,DUSP1
SIMC1,SIMC1
ARL10,ARL10
ZNF346,ZNF346
DBN1,DBN1
FAM193B,FAM193B
FAM153A,FAM153A
ZNF354A,ZNF354A
ZNF879,ZNF879
RNF130,RNF130
CNOT6,CNOT6
ZFP62,ZFP62
TRIM41,TRIM41
IRF4,IRF4
WRNIP1,WRNIP1
LINC01011,LINC01011
RIPK1,RIPK1
F13A1,F13A1
LY86,LY86
ADTRP,ADTRP
HIVEP1,HIVEP1
GFOD1,GFOD1
SIRT5,SIRT5
CD83,CD83
FAM8A1,FAM8A1
MBOAT1,MBOAT1
E2F3,E2F3
CDKAL1,CDKAL1
SOX4,SOX4
ALDH5A1,ALDH5A1
GMNN,GMNN
HIST1H1C,HIST1H1C
HIST1H4C,HIST1H4C
HIST1H2BC,HIST1H2BC
HIST1H2AC,HIST1H2AC
HIST1H1E,HIST1H1E
HIST1H2BG,HIST1H2BG
HIST1H1D,HIST1H1D
HIST1H4H,HIST1H4H
BTN2A2,BTN2A2
HCG11,HCG11
ZNF322,ZNF322
HIST1H2AG,HIST1H2AG
PRSS16,PRSS16
ZNF184,ZNF184
HIST1H2BN,HIST1H2BN
ZKSCAN8,ZKSCAN8
ZSCAN26,ZSCAN26
TRIM39,TRIM39
C6orf136,C6orf136
DHX16,DHX16
MDC1,MDC1
IER3,IER3
LINC00243,LINC00243
CCHCR1,CCHCR1
TCF19,TCF19
MICA,MICA
MICB,MICB
LTA,LTA
TNF,TNF
LTB,LTB
LST1,LST1
NCR3,NCR3
AIF1,AIF1
LY6G5C,LY6G5C
HSPA1L,HSPA1L
EHMT2,EHMT2
DXO,DXO
AGER,AGER
HLA-DRA,HLA-DRA
HLA-DRB5,HLA-DRB5
HLA-DRB1,HLA-DRB1
HLA-DQA1,HLA-DQA1
HLA-DQB1,HLA-DQB1
TAP2,TAP2
HLA-DMB,HLA-DMB
HLA-DMA,HLA-DMA
HLA-DPA1,HLA-DPA1
HLA-DPB1,HLA-DPB1
PHF1,PHF1
SYNGAP1,SYNGAP1
ITPR3,ITPR3
PACSIN1,PACSIN1
MAPK13,MAPK13
STK38,STK38
CDKN1A,CDKN1A
PI16,PI16
PIM1,PIM1
RNF8,RNF8
CMTR1,CMTR1
MDGA1,MDGA1
BTBD9,BTBD9
SAYSD1,SAYSD1
TREM2,TREM2
TRERF1,TRERF1
KLC4,KLC4
CUL9,CUL9
ZNF318,ZNF318
POLH,POLH
RUNX2,RUNX2
CLIC5,CLIC5
ENPP4,ENPP4
ENPP5,ENPP5
RCAN2,RCAN2
MUT,MUT
CENPQ,CENPQ
PAQR8,PAQR8
TRAM2,TRAM2
ICK,ICK
KIAA1586,KIAA1586
BAG2,BAG2
PRIM2,PRIM2
DDX43,DDX43
EEF1A1,EEF1A1
SLC17A5,SLC17A5
MYO6,MYO6
IRAK1BP1,IRAK1BP1
BCKDHB,BCKDHB
UBE3D,UBE3D
DOPEY1,DOPEY1
PGM3,PGM3
RWDD2A,RWDD2A
CEP162,CEP162
NT5E,NT5E
SMIM8,SMIM8
PM20D2,PM20D2
MDN1,MDN1
BACH2,BACH2
MANEA,MANEA
KLHL32,KLHL32
MMS22L,MMS22L
COQ3,COQ3
USP45,USP45
TSTD3,TSTD3
ASCC3,ASCC3
PRDM1,PRDM1
RTN4IP1,RTN4IP1
CD24,CD24
PDSS2,PDSS2
FOXO3,FOXO3
SESN1,SESN1
CEP57L1,CEP57L1
AK9,AK9
REV3L,REV3L
TRAF3IP2-AS1,TRAF3IP2-AS1
TRAF3IP2,TRAF3IP2
FYN,FYN
TUBE1,TUBE1
MARCKS,MARCKS
TSPYL4,TSPYL4
DCBLD1,DCBLD1
TBC1D32,TBC1D32
HSF2,HSF2
TRMT11,TRMT11
THEMIS,THEMIS
L3MBTL3,L3MBTL3
SAMD3,SAMD3
TMEM200A,TMEM200A
MED23,MED23
VNN2,VNN2
SGK1,SGK1
AHI1,AHI1
MAP3K5,MAP3K5
IFNGR1,IFNGR1
TNFAIP3,TNFAIP3
PERP,PERP
CITED2,CITED2
HIVEP2,HIVEP2
ADAT2,ADAT2
PEX3,PEX3
PHACTR2,PHACTR2
STXBP5,STXBP5
ZC3H12D,ZC3H12D
NUP43,NUP43
ZBTB2,ZBTB2
SYNE1,SYNE1
RGS17,RGS17
TULP4,TULP4
TMEM181,TMEM181
SYTL3,SYTL3
TAGAP,TAGAP
MAP3K4,MAP3K4
AGPAT4,AGPAT4
CCR6,CCR6
PHF10,PHF10
PRKAR1B,PRKAR1B
CHST12,CHST12
LFNG,LFNG
ACTB,ACTB
FSCN1,FSCN1
CYTH3,CYTH3
MIOS,MIOS
GLCCI1,GLCCI1
ANKMY2,ANKMY2
TSPAN13,TSPAN13
SP4,SP4
KLHL7,KLHL7
CCDC126,CCDC126
FAM221A,FAM221A
MPP6,MPP6
OSBPL3,OSBPL3
CPVL,CPVL
PLEKHA8,PLEKHA8
BBS9,BBS9
AOAH,AOAH
TRGC2,TRGC2
TRGC1,TRGC1
TRGV10,TRGV10
TRGV9,TRGV9
TRG-AS1,TRG-AS1
TRGV5,TRGV5
TRGV4,TRGV4
TRGV3,TRGV3
TRGV2,TRGV2
URGCP,URGCP
IGFBP3,IGFBP3
UPP1,UPP1
FIGNL1,FIGNL1
ZNF736,ZNF736
ZNF680,ZNF680
ZNF273,ZNF273
ZNF92,ZNF92
AUTS2,AUTS2
TYW1B,TYW1B
DNAJC30,DNAJC30
STX1A,STX1A
NCF1,NCF1
CCDC146,CCDC146
FGL2,FGL2
PHTF2,PHTF2
KIAA1324L,KIAA1324L
CROT,CROT
ABCB1,ABCB1
ADAM22,ADAM22
MTERF1,MTERF1
PEX1,PEX1
CDK6,CDK6
CASD1,CASD1
PEG10,PEG10
ASNS,ASNS
LMTK2,LMTK2
PTCD1,PTCD1
ZNF789,ZNF789
ZKSCAN5,ZKSCAN5
FAM200A,FAM200A
ZSCAN25,ZSCAN25
ZNF3,ZNF3
MCM7,MCM7
PVRIG,PVRIG
PILRB,PILRB
ZCWPW1,ZCWPW1
AGFG2,AGFG2
SAP25,SAP25
GIGYF1,GIGYF1
IFT22,IFT22
NAPEPLD,NAPEPLD
PUS7,PUS7
RINT1,RINT1
CDHR3,CDHR3
NAMPT,NAMPT
DUS4L,DUS4L
LRRN3,LRRN3
TMEM168,TMEM168
WASL,WASL
POT1,POT1
POT1-AS1,POT1-AS1
RBM28,RBM28
CCDC136,CCDC136
SMKR1,SMKR1
NRF1,NRF1
CPA5,CPA5
AC016831.7,AC016831.7
SLC35B4,SLC35B4
TMEM140,TMEM140
NUP205,NUP205
TRIM24,TRIM24
UBN2,UBN2
SLC37A3,SLC37A3
KIAA1147,KIAA1147
TRBV3-1,TRBV3-1
TRBV5-1,TRBV5-1
TRBV4-2,TRBV4-2
TRBV6-2,TRBV6-2
TRBV7-2,TRBV7-2
TRBV9,TRBV9
TRBV5-4,TRBV5-4
TRBV7-9,TRBV7-9
TRBV14,TRBV14
TRBV18,TRBV18
TRBV19,TRBV19
TRBV20-1,TRBV20-1
TRBV21-1,TRBV21-1
TRBV27,TRBV27
TRBC1,TRBC1
TRBV29-1,TRBV29-1
TRBC2,TRBC2
EPHB6,EPHB6
EPHA1,EPHA1
EPHA1-AS1,EPHA1-AS1
TCAF2,TCAF2
TCAF1,TCAF1
EZH2,EZH2
ZNF786,ZNF786
ZNF398,ZNF398
ZNF862,ZNF862
ACTR3C,ACTR3C
LRRC61,LRRC61
ZBED6CL,ZBED6CL
LINC00996,LINC00996
GIMAP7,GIMAP7
TMEM176B,TMEM176B
ATG9B,ATG9B
PAXIP1-AS2,PAXIP1-AS2
PAXIP1,PAXIP1
PAXIP1-AS1,PAXIP1-AS1
AC144652.1,AC144652.1
INSIG1,INSIG1
LMBR1,LMBR1
NOM1,NOM1
WDR60,WDR60
TBL1X,TBL1X
WWC3,WWC3
TCEANC,TCEANC
GEMIN8,GEMIN8
PIGA,PIGA
AP1S2,AP1S2
TXLNG,TXLNG
SAT1,SAT1
TAB3,TAB3
CYBB,CYBB
BCOR,BCOR
CXorf38,CXorf38
CASK,CASK
GPR34,GPR34
KDM6A,KDM6A
ZNF674,ZNF674
ZNF674-AS1,ZNF674-AS1
CHST7,CHST7
TIMP1,TIMP1
ZNF182,ZNF182
TBC1D25,TBC1D25
PCSK1N,PCSK1N
PIM2,PIM2
OTUD5,OTUD5
FOXP3,FOXP3
PPP1R3F,PPP1R3F
MAGED1,MAGED1
TSPYL2,TSPYL2
KANTR,KANTR
PHF8,PHF8
FAM104B,FAM104B
RRAGB,RRAGB
SPIN2B,SPIN2B
FAAH2,FAAH2
ZXDB,ZXDB
SPIN4,SPIN4
MTMR8,MTMR8
ZC4H2,ZC4H2
VSIG4,VSIG4
EDA,EDA
DLG3,DLG3
ZMYM3,ZMYM3
OGT,OGT
CXCR3,CXCR3
LINC00891,LINC00891
NHSL2,NHSL2
NAP1L2,NAP1L2
CHIC1,CHIC1
UPRT,UPRT
MAGEE1,MAGEE1
ATP7A,ATP7A
CYSLTR1,CYSLTR1
GPR174,GPR174
ITM2A,ITM2A
BRWD3,BRWD3
APOOL,APOOL
CHM,CHM
NAP1L3,NAP1L3
TRMT2B,TRMT2B
ZMAT1,ZMAT1
BEX5,BEX5
ARMCX5,ARMCX5
GPRASP1,GPRASP1
BEX2,BEX2
TMSB15B,TMSB15B
SLC25A53,SLC25A53
ZCCHC18,ZCCHC18
CXorf57,CXorf57
MORC4,MORC4
RBM41,RBM41
TSC22D3,TSC22D3
VSIG1,VSIG1
ATG4A,ATG4A
NXT2,NXT2
AMMECR1,AMMECR1
WDR44,WDR44
CXorf56,CXorf56
NKRF,NKRF
ZBTB33,ZBTB33
SH2D1A,SH2D1A
RAB33A,RAB33A
ZNF280C,ZNF280C
ENOX2,ENOX2
ZNF75D,ZNF75D
ZNF449,ZNF449
FHL1,FHL1
MAP7D3,MAP7D3
CD40LG,CD40LG
ATP11C,ATP11C
LDOC1,LDOC1
FMR1,FMR1
LINC00893,LINC00893
MTMR1,MTMR1
ZNF275,ZNF275
FLNA,FLNA
RAB39B,RAB39B
MFHAS1,MFHAS1
MTMR9,MTMR9
BLK,BLK
NEIL2,NEIL2
CTSB,CTSB
MSR1,MSR1
CSGALNACT1,CSGALNACT1
NPM2,NPM2
DMTN,DMTN
FAM160B2,FAM160B2
PPP3CC,PPP3CC
TNFRSF10B,TNFRSF10B
TNFRSF10D,TNFRSF10D
TNFRSF10A,TNFRSF10A
ENTPD4,ENTPD4
SLC25A37,SLC25A37
NEFL,NEFL
KCTD9,KCTD9
TRIM35,TRIM35
EPHX2,EPHX2
CLU,CLU
NUGGC,NUGGC
ZNF395,ZNF395
FZD3,FZD3
EXTL3,EXTL3
INTS9,INTS9
DUSP4,DUSP4
GSR,GSR
WRN,WRN
TTI2,TTI2
MAK16,MAK16
BRF2,BRF2
DDHD2,DDHD2
FGFR1,FGFR1
AP3M2,AP3M2
SLC20A2,SLC20A2
RNF170,RNF170
CEBPD,CEBPD
TMEM68,TMEM68
TOX,TOX
CHD7,CHD7
ADHFE1,ADHFE1
MYBL1,MYBL1
CSPP1,CSPP1
LACTB2-AS1,LACTB2-AS1
MSC-AS1,MSC-AS1
MSC,MSC
TERF1,TERF1
STAU2,STAU2
PKIA,PKIA
ZBTB10,ZBTB10
FABP5,FABP5
SNX16,SNX16
LRRCC1,LRRCC1
WWP1,WWP1
OSGIN2,OSGIN2
TMEM64,TMEM64
RBM12B,RBM12B
TMEM67,TMEM67
DPY19L4,DPY19L4
NDUFAF6,NDUFAF6
POP1,POP1
SPAG1,SPAG1
ANKRD46,ANKRD46
NCALD,NCALD
FZD6,FZD6
NUDCD1,NUDCD1
TAF2,TAF2
SNTB1,SNTB1
ZHX2,ZHX2
TBC1D31,TBC1D31
ZHX1,ZHX1
ATAD2,ATAD2
WDYHV1,WDYHV1
FBXO32,FBXO32
SQLE,SQLE
LINC00861,LINC00861
FAM84B,FAM84B
PCAT1,PCAT1
MYC,MYC
PVT1,PVT1
ZFAT,ZFAT
TRAPPC9,TRAPPC9
PTP4A3,PTP4A3
JRK,JRK
THEM6,THEM6
GLI4,GLI4
MINCR,MINCR
TOP1MT,TOP1MT
RHPN1,RHPN1
ZNF707,ZNF707
PLEC,PLEC
MROH1,MROH1
ADCK5,ADCK5
KIFC2,KIFC2
LRRC14,LRRC14
ZNF251,ZNF251
ZNF250,ZNF250
RFX3,RFX3
RLN2,RLN2
CD274,CD274
ERMP1,ERMP1
KIAA2026,KIAA2026
RANBP6,RANBP6
UHRF2,UHRF2
ZDHHC21,ZDHHC21
TTC39B,TTC39B
SNAPC3,SNAPC3
HAUS6,HAUS6
MTAP,MTAP
CDKN2A,CDKN2A
CAAP1,CAAP1
IFT74,IFT74
TOPORS,TOPORS
AQP3,AQP3
NOL6,NOL6
IL11RA,IL11RA
FANCG,FANCG
PIGO,PIGO
RMRP,RMRP
TPM2,TPM2
RGP1,RGP1
RECK,RECK
GNE,GNE
ZBTB5,ZBTB5
ALDH1B1,ALDH1B1
ZNF658,ZNF658
CBWD3,CBWD3
ABHD17B,ABHD17B
ANXA1,ANXA1
C9orf40,C9orf40
GCNT1,GCNT1
CEP78,CEP78
PSAT1,PSAT1
IDNK,IDNK
GKAP1,GKAP1
NAA35,NAA35
CTSL,CTSL
GADD45G,GADD45G
AUH,AUH
IPPK,IPPK
ZNF484,ZNF484
PTPDC1,PTPDC1
C9orf3,C9orf3
PTCH1,PTCH1
ERCC6L2,ERCC6L2
HABP4,HABP4
CDC14B,CDC14B
ZNF510,ZNF510
ZNF782,ZNF782
TSTD2,TSTD2
HEMGN,HEMGN
CORO2A,CORO2A
GALNT12,GALNT12
NR4A3,NR4A3
STX17-AS1,STX17-AS1
INVS,INVS
TEX10,TEX10
MSANTD3,MSANTD3
ZNF189,ZNF189
SMC2,SMC2
FKTN,FKTN
TMEM38B,TMEM38B
CTNNAL1,CTNNAL1
ZNF483,ZNF483
DNAJC25,DNAJC25
UGCG,UGCG
SUSD1,SUSD1
HSDL2,HSDL2
ZFP37,ZFP37
RGS3,RGS3
AKNA,AKNA
TNFSF8,TNFSF8
ASTN2,ASTN2
TRIM32,TRIM32
CDK5RAP2,CDK5RAP2
PSMD5,PSMD5
GSN,GSN
RC3H2,RC3H2
ZBTB6,ZBTB6
RABGAP1,RABGAP1
STRBP,STRBP
GOLGA1,GOLGA1
SCAI,SCAI
MVB12B,MVB12B
ZBTB43,ZBTB43
ZNF79,ZNF79
LRSAM1,LRSAM1
PTRH1,PTRH1
TTC16,TTC16
AK1,AK1
SPTAN1,SPTAN1
LRRC8A,LRRC8A
DOLK,DOLK
SH3GLB2,SH3GLB2
EXOSC2,EXOSC2
ABL1,ABL1
POMT1,POMT1
UCK1,UCK1
TTF1,TTF1
GTF3C4,GTF3C4
TSC1,TSC1
RALGDS,RALGDS
SLC2A6,SLC2A6
SARDH,SARDH
BRD3,BRD3
WDR5,WDR5
FCN1,FCN1
INPP5E,INPP5E
TRAF2,TRAF2
PTGDS,PTGDS
CLIC3,CLIC3
ABCA2,ABCA2
FUT7,FUT7
NPDC1,NPDC1
UAP1L1,UAP1L1
NELFB,NELFB
EXD3,EXD3
BET1L,BET1L
SIRT3,SIRT3
IFITM2,IFITM2
IFITM1,IFITM1
IFITM3,IFITM3
ANO9,ANO9
IRF7,IRF7
SLC25A22,SLC25A22
PIDD1,PIDD1
C11orf21,C11orf21
KCNQ1OT1,KCNQ1OT1
PGAP2,PGAP2
RRM1,RRM1
TRIM68,TRIM68
TRIM5,TRIM5
FAM160A2,FAM160A2
DNHD1,DNHD1
RIC3,RIC3
TRIM66,TRIM66
WEE1,WEE1
LYVE1,LYVE1
DKK3,DKK3
MICAL2,MICAL2
ARNTL,ARNTL
SPON1,SPON1
RRAS2,RRAS2
PDE3B,PDE3B
NUCB2,NUCB2
IGSF22,IGSF22
ZDHHC13,ZDHHC13
PRMT3,PRMT3
FANCF,FANCF
CCDC34,CCDC34
METTL15,METTL15
DNAJC24,DNAJC24
ELP4,ELP4
CSTF3,CSTF3
PDHX,PDHX
PRR5L,PRR5L
TSPAN18,TSPAN18
TP53I11,TP53I11
AMBRA1,AMBRA1
ZNF408,ZNF408
DDB2,DDB2
SPI1,SPI1
SLC39A13,SLC39A13
SLC43A1,SLC43A1
MED19,MED19
MPEG1,MPEG1
MS4A6A,MS4A6A
MS4A7,MS4A7
MS4A1,MS4A1
CD5,CD5
FEN1,FEN1
FTH1,FTH1
AHNAK,AHNAK
TUT1,TUT1
MTA2,MTA2
PPP1R14B,PPP1R14B
PYGM,PYGM
ATG2A,ATG2A
TM7SF2,TM7SF2
ZNHIT2,ZNHIT2
FRMD8,FRMD8
NEAT1,NEAT1
MALAT1,MALAT1
FAM89B,FAM89B
AP5B1,AP5B1
CTSW,CTSW
EIF1AD,EIF1AD
SLC29A2,SLC29A2
BBS1,BBS1
RBM4B,RBM4B
RAD9A,RAD9A
CLCF1,CLCF1
CARNS1,CARNS1
CORO1B,CORO1B
CPT1A,CPT1A
IGHMBP2,IGHMBP2
FADD,FADD
RNF121,RNF121
FOLR2,FOLR2
STARD10,STARD10
C2CD3,C2CD3
PGM2L1,PGM2L1
POLD3,POLD3
RNF169,RNF169
XRRA1,XRRA1
NEU3,NEU3
INTS4,INTS4
KCTD21-AS1,KCTD21-AS1
RAB30,RAB30
RAB30-AS1,RAB30-AS1
ANKRD42,ANKRD42
SYTL2,SYTL2
PRSS23,PRSS23
TMEM135,TMEM135
CEP295,CEP295
MED17,MED17
SESN3,SESN3
FAM76B,FAM76B
MAML2,MAML2
JRKL,JRKL
CEP126,CEP126
BIRC3,BIRC3
DYNC2H1,DYNC2H1
PDGFD,PDGFD
ALKBH8,ALKBH8
POU2AF1,POU2AF1
PPP2R1B,PPP2R1B
IL18,IL18
NCAM1,NCAM1
TTC12,TTC12
ZW10,ZW10
USP28,USP28
ZBTB16,ZBTB16
C11orf71,C11orf71
SIK3,SIK3
RNF214,RNF214
FXYD2,FXYD2
MPZL3,MPZL3
TMEM25,TMEM25
IFT46,IFT46
CXCR5,CXCR5
BCL9L,BCL9L
CCDC84,CCDC84
HINFP,HINFP
ARHGEF12,ARHGEF12
UBASH3B,UBASH3B
CRTAM,CRTAM
ZNF202,ZNF202
CCDC15,CCDC15
HYLS1,HYLS1
FOXRED1,FOXRED1
TIRAP,TIRAP
NFRKB,NFRKB
PRDM10,PRDM10
SNX19,SNX19
JAM3,JAM3
NCAPD3,NCAPD3
ACAD8,ACAD8
KLF6,KLF6
FAM208B,FAM208B
IL15RA,IL15RA
IL2RA,IL2RA
PFKFB3,PFKFB3
GATA3,GATA3
PHYH,PHYH
NMT2,NMT2
FAM171A1,FAM171A1
PTER,PTER
CUBN,CUBN
VIM-AS1,VIM-AS1
VIM,VIM
STAM,STAM
MRC1,MRC1
PLXDC2,PLXDC2
DNAJC1,DNAJC1
BMI1,BMI1
THNSL1,THNSL1
ANKRD26,ANKRD26
ACBD5,ACBD5
MPP7,MPP7
WAC-AS1,WAC-AS1
SVIL,SVIL
MAP3K8,MAP3K8
ZEB1-AS1,ZEB1-AS1
ZEB1,ZEB1
ARHGAP12,ARHGAP12
CCDC7,CCDC7
ITGB1,ITGB1
CREM,CREM
ZNF248,ZNF248
ZNF37A,ZNF37A
CSGALNACT2,CSGALNACT2
RASGEF1A,RASGEF1A
ZNF487,ZNF487
ZNF239,ZNF239
ZNF485,ZNF485
MARCH8,MARCH8
AGAP4,AGAP4
MAPK8,MAPK8
PARG,PARG
TIMM23B,TIMM23B
ASAH2B,ASAH2B
ANK3,ANK3
ARID5B,ARID5B
RTKN2,RTKN2
ZNF365,ZNF365
SLC25A16,SLC25A16
SRGN,SRGN
HKDC1,HKDC1
TYSND1,TYSND1
PRF1,PRF1
PSAP,PSAP
SPOCK2,SPOCK2
DDIT4,DDIT4
USP54,USP54
FUT11,FUT11
SAMD8,SAMD8
POLR3A,POLR3A
CDHR1,CDHR1
MINPP1,MINPP1
STAMBPL1,STAMBPL1
ACTA2,ACTA2
CH25H,CH25H
IFIT2,IFIT2
IFIT3,IFIT3
IFIT1,IFIT1
IFIT5,IFIT5
KIF20B,KIF20B
FGFBP3,FGFBP3
EXOC6,EXOC6
NOC3L,NOC3L
HELLS,HELLS
PDLIM1,PDLIM1
ALDH18A1,ALDH18A1
ENTPD1-AS1,ENTPD1-AS1
ARHGAP19,ARHGAP19
FRAT1,FRAT1
R3HCC1L,R3HCC1L
PYROXD2,PYROXD2
SCD,SCD
SEC31B,SEC31B
FBXW4,FBXW4
LDB1,LDB1
PPRC1,PPRC1
C10orf95,C10orf95
SFXN2,SFXN2
PCGF6,PCGF6
TAF5,TAF5
ITPRIP,ITPRIP
MXI1,MXI1
DUSP5,DUSP5
PDCD4,PDCD4
GPAM,GPAM
CASP7,CASP7
AFAP1L2,AFAP1L2
ABLIM1,ABLIM1
FAM160B1,FAM160B1
PDZD8,PDZD8
BAG3,BAG3
PLEKHA1,PLEKHA1
FAM24B,FAM24B
PSTK,PSTK
ACADSB,ACADSB
LHPP,LHPP
FAM53B,FAM53B
ZRANB1,ZRANB1
EDRF1,EDRF1
FANK1,FANK1
PTPRE,PTPRE
ADAM8,ADAM8
CALY,CALY
CCDC77,CCDC77
NINJ2,NINJ2
RAD52,RAD52
ERC1,ERC1
CACNA2D4,CACNA2D4
CACNA1C-AS1,CACNA1C-AS1
TULP3,TULP3
PARP11,PARP11
CD9,CD9
CD27,CD27
VAMP1,VAMP1
LAG3,LAG3
LRRC23,LRRC23
C1RL,C1RL
C1RL-AS1,C1RL-AS1
CLSTN3,CLSTN3
CLEC4C,CLEC4C
FOXJ2,FOXJ2
FAM66C,FAM66C
PHC1,PHC1
KLRG1,KLRG1
A2M-AS1,A2M-AS1
A2M,A2M
PZP,PZP
LINC00987,LINC00987
KLRB1,KLRB1
CLEC2D,CLEC2D
CLECL1,CLECL1
CD69,CD69
KLRF1,KLRF1
CLEC2B,CLEC2B
CLEC9A,CLEC9A
CLEC7A,CLEC7A
OLR1,OLR1
GABARAPL1,GABARAPL1
KLRD1,KLRD1
KLRK1,KLRK1
KLRC4,KLRC4
KLRC2,KLRC2
KLRC1,KLRC1
DUSP16,DUSP16
APOLD1,APOLD1
HIST4H4,HIST4H4
C12orf60,C12orf60
ERP27,ERP27
PLEKHA5,PLEKHA5
AEBP2,AEBP2
ST8SIA1,ST8SIA1
C2CD5,C2CD5
LRMP,LRMP
CAPRIN2,CAPRIN2
DDX11,DDX11
AMN1,AMN1
KIAA1551,KIAA1551
BICD1,BICD1
YARS2,YARS2
KIF21A,KIF21A
ABCD2,ABCD2
NELL2,NELL2
SLC38A1,SLC38A1
AMIGO2,AMIGO2
PCED1B,PCED1B
SENP1,SENP1
CACNB3,CACNB3
CCDC65,CCDC65
FKBP11,FKBP11
RHEBL1,RHEBL1
TUBA1B,TUBA1B
TUBA1A,TUBA1A
SPATS2,SPATS2
BCDIN3D,BCDIN3D
RACGAP1,RACGAP1
POU6F1,POU6F1
SMAGP,SMAGP
GALNT6,GALNT6
NR4A1,NR4A1
KRT86,KRT86
KRT18,KRT18
IGFBP6,IGFBP6
ZNF740,ZNF740
RARG,RARG
MAP3K12,MAP3K12
GTSF1,GTSF1
TESPA1,TESPA1
CD63,CD63
GDF11,GDF11
DNAJC14,DNAJC14
IKZF4,IKZF4
ANKRD52,ANKRD52
COQ10A,COQ10A
PAN2,PAN2
IL23A,IL23A
PRIM1,PRIM1
ZBTB39,ZBTB39
NEMP1,NEMP1
DDIT3,DDIT3
PIP4K2C,PIP4K2C
DTX3,DTX3
AGAP2,AGAP2
MARCH9,MARCH9
SLC16A7,SLC16A7
FAM19A2,FAM19A2
C12orf66,C12orf66
RASSF3,RASSF3
DYRK2,DYRK2
IFNG-AS1,IFNG-AS1
IFNG,IFNG
MDM1,MDM1
NUP107,NUP107
SLC35E3,SLC35E3
MDM2,MDM2
LYZ,LYZ
FRS2,FRS2
RAB3IP,RAB3IP
THAP2,THAP2
TBC1D15,TBC1D15
PHLDA1,PHLDA1
ZDHHC17,ZDHHC17
METTL25,METTL25
CEP290,CEP290
TMTC3,TMTC3
DUSP6,DUSP6
POC1B,POC1B
BTG1,BTG1
SOCS2,SOCS2
CRADD,CRADD
USP44,USP44
CDK17,CDK17
TMPO-AS1,TMPO-AS1
ANKS1B,ANKS1B
UTP20,UTP20
C12orf42,C12orf42
C12orf73,C12orf73
HCFC2,HCFC2
EID3,EID3
C12orf75,C12orf75
TCP11L2,TCP11L2
POLR3B,POLR3B
RIC8B,RIC8B
MTERF2,MTERF2
CRY1,CRY1
BTBD11,BTBD11
PRDM4,PRDM4
FICD,FICD
USP30-AS1,USP30-AS1
UNG,UNG
ACACB,ACACB
UBE3B,UBE3B
ANAPC7,ANAPC7
FAM216A,FAM216A
PPTC7,PPTC7
TCTN1,TCTN1
WSB2,WSB2
PXN-AS1,PXN-AS1
GATC,GATC
UNC119B,UNC119B
ACADS,ACADS
OASL,OASL
MORN3,MORN3
TMEM120B,TMEM120B
LINC01089,LINC01089
SETD1B,SETD1B
HIP1R,HIP1R
VPS37B,VPS37B
PITPNM2,PITPNM2
MPHOSPH9,MPHOSPH9
TCTN2,TCTN2
DHX37,DHX37
LINC00944,LINC00944
SLC15A4,SLC15A4
PUS1,PUS1
DDX51,DDX51
POLE,POLE
ANKLE2,ANKLE2
ZNF605,ZNF605
ZNF26,ZNF26
ZNF84,ZNF84
ZNF140,ZNF140
ZNF891,ZNF891
ZNF10,ZNF10
ZNF268,ZNF268
IFT88,IFT88
ZDHHC20,ZDHHC20
SACS,SACS
MIPEP,MIPEP
CENPJ,CENPJ
LNX2,LNX2
KATNAL1,KATNAL1
LINC00426,LINC00426
ALOX5AP,ALOX5AP
B3GLCT,B3GLCT
BRCA2,BRCA2
PROSER1,PROSER1
COG6,COG6
FOXO1,FOXO1
SLC25A15,SLC25A15
KBTBD6,KBTBD6
MTRF1,MTRF1
NAA16,NAA16
RGCC,RGCC
VWA8,VWA8
DGKH,DGKH
CCDC122,CCDC122
TSC22D1,TSC22D1
NUFIP1,NUFIP1
GPALPP1,GPALPP1
TPT1,TPT1
NUDT15,NUDT15
LPAR6,LPAR6
CDADC1,CDADC1
SETDB2,SETDB2
SPRYD7,SPRYD7
DLEU2,DLEU2
TRIM13,TRIM13
INTS6,INTS6
INTS6-AS1,INTS6-AS1
DHRS12,DHRS12
ALG11,ALG11
TDRD3,TDRD3
BORA,BORA
DIS3,DIS3
LINC00402,LINC00402
TBC1D4,TBC1D4
LMO7,LMO7
SLAIN1,SLAIN1
RNF219,RNF219
RBM26-AS1,RBM26-AS1
GPR180,GPR180
DOCK9,DOCK9
GPR18,GPR18
GPR183,GPR183
CLYBL,CLYBL
GGACT,GGACT
TMTC4,TMTC4
TNFSF13B,TNFSF13B
ING1,ING1
CHAMP1,CHAMP1
TTC5,TTC5
RNASE6,RNASE6
RNASE1,RNASE1
TRAV1-1,TRAV1-1
TRAV1-2,TRAV1-2
TRAV2,TRAV2
TRAV3,TRAV3
TRAV4,TRAV4
TRAV5,TRAV5
TRAV6,TRAV6
TRAV8-1,TRAV8-1
TRAV10,TRAV10
TRAV12-1,TRAV12-1
TRAV8-2,TRAV8-2
TRAV8-3,TRAV8-3
TRAV13-1,TRAV13-1
TRAV12-2,TRAV12-2
TRAV8-4,TRAV8-4
TRAV13-2,TRAV13-2
TRAV14DV4,TRAV14DV4
TRAV9-2,TRAV9-2
TRAV12-3,TRAV12-3
TRAV8-6,TRAV8-6
TRAV16,TRAV16
TRAV17,TRAV17
TRAV19,TRAV19
TRAV20,TRAV20
TRAV21,TRAV21
TRAV22,TRAV22
TRAV23DV6,TRAV23DV6
TRDV1,TRDV1
TRAV25,TRAV25
TRAV26-1,TRAV26-1
TRAV27,TRAV27
TRAV29DV5,TRAV29DV5
TRAV26-2,TRAV26-2
TRAV36DV7,TRAV36DV7
TRAV38-1,TRAV38-1
TRAV38-2DV8,TRAV38-2DV8
TRAV41,TRAV41
TRDC,TRDC
TRAC,TRAC
PPP1R3E,PPP1R3E
DHRS4-AS1,DHRS4-AS1
EMC9,EMC9
RIPK3,RIPK3
KHNYN,KHNYN
GZMH,GZMH
GZMB,GZMB
STRN3,STRN3
AP4S1,AP4S1
DTD2,DTD2
NUBPL,NUBPL
RALGAPA1,RALGAPA1
BRMS1L,BRMS1L
MBIP,MBIP
GEMIN2,GEMIN2
C14orf28,C14orf28
FANCM,FANCM
KLHDC1,KLHDC1
VCPKMT,VCPKMT
CDKL1,CDKL1
MAP4K5,MAP4K5
PTGDR,PTGDR
PTGER2,PTGER2
TXNDC16,TXNDC16
GNPNAT1,GNPNAT1
DDHD1,DDHD1
CDKN3,CDKN3
WDHD1,WDHD1
SOCS4,SOCS4
LGALS3,LGALS3
FBXO34,FBXO34
TMEM260,TMEM260
KIAA0586,KIAA0586
DAAM1,DAAM1
L3HYPDH,L3HYPDH
SLC38A6,SLC38A6
TMEM30B,TMEM30B
SNAPC1,SNAPC1
WDR89,WDR89
SYNE2,SYNE2
ZBTB25,ZBTB25
AKAP5,AKAP5
ZBTB1,ZBTB1
PLEKHG3,PLEKHG3
FUT8,FUT8
GPHN,GPHN
TMEM229B,TMEM229B
RAD51B,RAD51B
ZFP36L1,ZFP36L1
EXD2,EXD2
SLC39A9,SLC39A9
TTC9,TTC9
MAP3K9,MAP3K9
ZFYVE1,ZFYVE1
ACOT2,ACOT2
ACOT4,ACOT4
DNAL1,DNAL1
FAM161B,FAM161B
ENTPD5,ENTPD5
ALDH6A1,ALDH6A1
NPC2,NPC2
AREL1,AREL1
MLH3,MLH3
FOS,FOS
TTLL5,TTLL5
GPATCH2L,GPATCH2L
TMED8,TMED8
VIPAS39,VIPAS39
ALKBH1,ALKBH1
CEP128,CEP128
GTF2A1,GTF2A1
NRDE2,NRDE2
GPR68,GPR68
CCDC88C,CCDC88C
TC2N,TC2N
FBLN5,FBLN5
LGMN,LGMN
ASB2,ASB2
IFI27,IFI27
SERPINA1,SERPINA1
SNHG10,SNHG10
TCL1A,TCL1A
ATG2B,ATG2B
CCDC85C,CCDC85C
LINC00239,LINC00239
PPP2R5C,PPP2R5C
TRMT61A,TRMT61A
PPP1R13B,PPP1R13B
INF2,INF2
PLD4,PLD4
BRF1,BRF1
CRIP2,CRIP2
CRIP1,CRIP1
IGHA1,IGHA1
IGHG1,IGHG1
IGHM,IGHM
NIPA1,NIPA1
TUBGCP5,TUBGCP5
PWAR6,PWAR6
APBA2,APBA2
FAN1,FAN1
ARHGAP11A,ARHGAP11A
PGBD4,PGBD4
GOLGA8A,GOLGA8A
FAM98B,FAM98B
C15orf53,C15orf53
SRP14-AS1,SRP14-AS1
GCHFR,GCHFR
INO80,INO80
NUSAP1,NUSAP1
MAPKBP1,MAPKBP1
LRRC57,LRRC57
STARD9,STARD9
CDAN1,CDAN1
TTBK2,TTBK2
TMEM62,TMEM62
LCMT2,LCMT2
ADAL,ADAL
TUBGCP4,TUBGCP4
TP53BP1,TP53BP1
MAP1A,MAP1A
PPIP5K1,PPIP5K1
WDR76,WDR76
PATL2,PATL2
SPATA5L1,SPATA5L1
C15orf48,C15orf48
MYEF2,MYEF2
CEP152,CEP152
GALK2,GALK2
FAM227B,FAM227B
GABPB1,GABPB1
GABPB1-AS1,GABPB1-AS1
AP4E1,AP4E1
MAPK6,MAPK6
GNB5,GNB5
FAM214A,FAM214A
PIGB,PIGB
NEDD4,NEDD4
LINC00926,LINC00926
RNF111,RNF111
RORA,RORA
CSNK1G1,CSNK1G1
ZNF609,ZNF609
PARP16,PARP16
DIS3L,DIS3L
ZWILCH,ZWILCH
SMAD3,SMAD3
MAP2K5,MAP2K5
MYO9A,MYO9A
ARIH1,ARIH1
BBS4,BBS4
NEO1,NEO1
LOXL1-AS1,LOXL1-AS1
LOXL1,LOXL1
UBL7-AS1,UBL7-AS1
ARID3B,ARID3B
EDC3,EDC3
NEIL1,NEIL1
FBXO22,FBXO22
SCAPER,SCAPER
DNAJA4,DNAJA4
HYKK,HYKK
CTSH,CTSH
SNHG21,SNHG21
WDR73,WDR73
ZNF592,ZNF592
DET1,DET1
AEN,AEN
HAPLN3,HAPLN3
MFGE8,MFGE8
FANCI,FANCI
SEMA4B,SEMA4B
BLM,BLM
MAN2A2,MAN2A2
VPS33B,VPS33B
SLCO3A1,SLCO3A1
MCTP2,MCTP2
SYNM,SYNM
LRRC28,LRRC28
ASB7,ASB7
CHSY1,CHSY1
TARSL2,TARSL2
AXIN1,AXIN1
TMEM8A,TMEM8A
CAPN15,CAPN15
FBXL16,FBXL16
HAGHL,HAGHL
CHTF18,CHTF18
LMF1,LMF1
UNKL,UNKL
FAHD1,FAHD1
PKD1,PKD1
E4F1,E4F1
CCNF,CCNF
PRSS21,PRSS21
FLYWCH1,FLYWCH1
MMP25,MMP25
MMP25-AS1,MMP25-AS1
IL32,IL32
ZNF213-AS1,ZNF213-AS1
ZNF200,ZNF200
LINC00921,LINC00921
TIGD7,TIGD7
ZSCAN32,ZSCAN32
ZNF174,ZNF174
ZNF597,ZNF597
CLUAP1,CLUAP1
SLX4,SLX4
DNASE1,DNASE1
UBALD1,UBALD1
ANKS3,ANKS3
ZNF500,ZNF500
EEF2KMT,EEF2KMT
TMEM186,TMEM186
SOCS1,SOCS1
ERCC4,ERCC4
NPIPA1,NPIPA1
ABCC1,ABCC1
XYLT1,XYLT1
COQ7,COQ7
CCP110,CCP110
ACSM3,ACSM3
IGSF6,IGSF6
SDR42E2,SDR42E2
POLR3E,POLR3E
CDR2,CDR2
COG7,COG7
EARS2,EARS2
UBFD1,UBFD1
PALB2,PALB2
IL21R,IL21R
SBK1,SBK1
RABEP2,RABEP2
CD19,CD19
BOLA2B,BOLA2B
ZNF48,ZNF48
ZNF771,ZNF771
ZNF688,ZNF688
MIR762HG,MIR762HG
ARMC5,ARMC5
SLC5A2,SLC5A2
NKD1,NKD1
RBL2,RBL2
GNAO1,GNAO1
AMFR,AMFR
BBS2,BBS2
MT2A,MT2A
MT1E,MT1E
MT1F,MT1F
HERPUD1,HERPUD1
CPNE2,CPNE2
ADGRG5,ADGRG5
ADGRG1,ADGRG1
TEPP,TEPP
SETD6,SETD6
GOT2,GOT2
LINC00920,LINC00920
CES4A,CES4A
B3GNT9,B3GNT9
TRADD,TRADD
FBXL8,FBXL8
NOL3,NOL3
GFOD2,GFOD2
DPEP2,DPEP2
DDX28,DDX28
SMPD3,SMPD3
ZFP90,ZFP90
SNTB2,SNTB2
COG8,COG8
TERF2,TERF2
PHLPP2,PHLPP2
ATXN1L,ATXN1L
DHODH,DHODH
TXNL4B,TXNL4B
DHX38,DHX38
RFWD3,RFWD3
MLKL,MLKL
WDR59,WDR59
ZFP1,ZFP1
ADAT1,ADAT1
NUDT7,NUDT7
WWOX,WWOX
MAF,MAF
GAN,GAN
PLCG2,PLCG2
MLYCD,MLYCD
HSDL1,HSDL1
KLHL36,KLHL36
USP10,USP10
GSE1,GSE1
C16orf74,C16orf74
IRF8,IRF8
MTHFSD,MTHFSD
FBXO31,FBXO31
ZCCHC14,ZCCHC14
SLC7A5,SLC7A5
SNAI3-AS1,SNAI3-AS1
CTU2,CTU2
GALNS,GALNS
ACSF3,ACSF3
ZNF778,ZNF778
CPNE7,CPNE7
SPATA33,SPATA33
SPATA2L,SPATA2L
VPS53,VPS53
GEMIN4,GEMIN4
SERPINF1,SERPINF1
SMYD4,SMYD4
SMG6,SMG6
SGSM2,SGSM2
P2RX5,P2RX5
CYB5D2,CYB5D2
CXCL16,CXCL16
VMO1,VMO1
ZNF232,ZNF232
ZNF594,ZNF594
NUP88,NUP88
DHX33,DHX33
KIAA0753,KIAA0753
C17orf100,C17orf100
SLC16A13,SLC16A13
SLC16A11,SLC16A11
CLEC10A,CLEC10A
TNK1,TNK1
CHRNB1,CHRNB1
ZBTB4,ZBTB4
CD68,CD68
WRAP53,WRAP53
CNTROB,CNTROB
LINC00324,LINC00324
SCO1,SCO1
ADPRM,ADPRM
ZNF18,ZNF18
TVP23C,TVP23C
ZNF286A,ZNF286A
PIGL,PIGL
CENPV,CENPV
ZNF287,ZNF287
ZNF624,ZNF624
TNFRSF13B,TNFRSF13B
FLCN,FLCN
MED9,MED9
TOM1L2,TOM1L2
MIEF2,MIEF2
TOP3A,TOP3A
SMCR8,SMCR8
GRAP,GRAP
MAPK7,MAPK7
ALDH3A2,ALDH3A2
NATD1,NATD1
LYRM9,LYRM9
TMEM97,TMEM97
TNFAIP1,TNFAIP1
SARM1,SARM1
NEK8,NEK8
TRAF4,TRAF4
DHRS13,DHRS13
PHF12,PHF12
BLMH,BLMH
CPD,CPD
ATAD5,ATAD5
NF1,NF1
RAB11FIP4,RAB11FIP4
C17orf75,C17orf75
CDK5R1,CDK5R1
MYO1D,MYO1D
CCL2,CCL2
LIG3,LIG3
RFFL,RFFL
RAD51D,RAD51D
NLE1,NLE1
SLFN5,SLFN5
SLFN13,SLFN13
CCL5,CCL5
CCL3,CCL3
CCL4,CCL4
CCL4L2,CCL4L2
MYO19,MYO19
ACACA,ACACA
DUSP14,DUSP14
SOCS7,SOCS7
PIP4K2B,PIP4K2B
LINC00672,LINC00672
PLXDC1,PLXDC1
CACNB1,CACNB1
FBXL20,FBXL20
IKZF3,IKZF3
GSDMB,GSDMB
ORMDL3,ORMDL3
THRA,THRA
NR1D1,NR1D1
CASC3,CASC3
IGFBP4,IGFBP4
CCR7,CCR7
TMEM99,TMEM99
P3H4,P3H4
KLHL11,KLHL11
DHX58,DHX58
TUBG2,TUBG2
ASB16-AS1,ASB16-AS1
GRN,GRN
CCDC43,CCDC43
DCAKD,DCAKD
ACBD4,ACBD4
FAM215B,FAM215B
GOSR2,GOSR2
EFCAB13,EFCAB13
TBKBP1,TBKBP1
TBX21,TBX21
OSBPL7,OSBPL7
HOXB2,HOXB2
HOXB-AS1,HOXB-AS1
ZNF652,ZNF652
FAM117A,FAM117A
ITGA3,ITGA3
PDK2,PDK2
XYLT2,XYLT2
ANKRD40,ANKRD40
TOB1,TOB1
C17orf67,C17orf67
DGKE,DGKE
AKAP1,AKAP1
TRIM37,TRIM37
SMG8,SMG8
GDPD1,GDPD1
YPEL2,YPEL2
TUBD1,TUBD1
APPBP2,APPBP2
BCAS3,BCAS3
INTS2,INTS2
METTL2A,METTL2A
TLK2,TLK2
CYB561,CYB561
ACE,ACE
STRADA,STRADA
CD79B,CD79B
ERN1,ERN1
PECAM1,PECAM1
POLG2,POLG2
CEP95,CEP95
SMURF2,SMURF2
LRRC37A3,LRRC37A3
RGS9,RGS9
PRKCA,PRKCA
PITPNC1,PITPNC1
ARSG,ARSG
ABCA5,ABCA5
MAP2K6,MAP2K6
COG1,COG1
RAB37,RAB37
FDXR,FDXR
KCTD2,KCTD2
ARMC7,ARMC7
LLGL2,LLGL2
UNK,UNK
TRIM47,TRIM47
RNF157,RNF157
UBE2O,UBE2O
MXRA7,MXRA7
SOCS3,SOCS3
USP36,USP36
CBX4,CBX4
SGSH,SGSH
SLC26A11,SLC26A11
TSPAN10,TSPAN10
CCDC137,CCDC137
RFNG,RFNG
DUS1L,DUS1L
FASN,FASN
CD7,CD7
HEXDC,HEXDC
FN3K,FN3K
B3GNTL1,B3GNTL1
ENOSF1,ENOSF1
YES1,YES1
METTL4,METTL4
NDC80,NDC80
DLGAP1-AS1,DLGAP1-AS1
LINC00526,LINC00526
ZBTB14,ZBTB14
PTPRM,PTPRM
NDUFV2-AS1,NDUFV2-AS1
CEP76,CEP76
CEP192,CEP192
FAM210A,FAM210A
ZNF519,ZNF519
MIB1,MIB1
NPC1,NPC1
TTC39C-AS1,TTC39C-AS1
TAF4B,TAF4B
ZSCAN30,ZSCAN30
KIAA1328,KIAA1328
SLC14A1,SLC14A1
PIAS2,PIAS2
SMAD7,SMAD7
SNHG22,SNHG22
MEX3C,MEX3C
POLI,POLI
RAB27B,RAB27B
TCF4,TCF4
WDR7,WDR7
PMAIP1,PMAIP1
PIGN,PIGN
ZCCHC2,ZCCHC2
BCL2,BCL2
DSEL,DSEL
CCDC102B,CCDC102B
RTTN,RTTN
ZNF407,ZNF407
ZADH2,ZADH2
TSHZ1,TSHZ1
ZNF236,ZNF236
ATP9B,ATP9B
NFATC1,NFATC1
HSBP1L1,HSBP1L1
ADNP2,ADNP2
TRIB3,TRIB3
SDCBP2-AS1,SDCBP2-AS1
STK35,STK35
ZNF343,ZNF343
PCED1A,PCED1A
UBOX5,UBOX5
MCM8,MCM8
TMX4,TMX4
PLCB1,PLCB1
LAMP5,LAMP5
ANKEF1,ANKEF1
MGME1,MGME1
PET117,PET117
RBBP9,RBBP9
RALGAPA2,RALGAPA2
NAPB,NAPB
CST3,CST3
CST7,CST7
ACSS1,ACSS1
ZNF337,ZNF337
PLAGL2,PLAGL2
NOL4L,NOL4L
SNTA1,SNTA1
PXMP4,PXMP4
ZNF341,ZNF341
PIGU,PIGU
GGT7,GGT7
CNBD2,CNBD2
SLA2,SLA2
DSN1,DSN1
RBL1,RBL1
TTI1,TTI1
RALGAPB,RALGAPB
ACTR5,ACTR5
PPP1R16B,PPP1R16B
MAFB,MAFB
TTPAL,TTPAL
PKIG,PKIG
ADA,ADA
PABPC1L,PABPC1L
ZSWIM3,ZSWIM3
ZSWIM1,ZSWIM1
CTSA,CTSA
PLTP,PLTP
ZNF335,ZNF335
B4GALT5,B4GALT5
SLC9A8,SLC9A8
SPATA2,SPATA2
BCAS4,BCAS4
MOCS3,MOCS3
ZFP64,ZFP64
TSHZ2,TSHZ2
RBM38,RBM38
ZBP1,ZBP1
NPEPL1,NPEPL1
ZNF831,ZNF831
SYCP2,SYCP2
TAF4,TAF4
LSM14B,LSM14B
MTG2,MTG2
OSBPL2,OSBPL2
YTHDF1,YTHDF1
HELZ2,HELZ2
GMEB2,GMEB2
STMN3,STMN3
PCMTD2,PCMTD2
GZMM,GZMM
CFD,CFD
MED16,MED16
ABCA7,ABCA7
STK11,STK11
GAMT,GAMT
REXO1,REXO1
IZUMO4,IZUMO4
GADD45B,GADD45B
ZNF555,ZNF555
ZNF57,ZNF57
TLE2,TLE2
FZR1,FZR1
PIP5K1C,PIP5K1C
TJP3,TJP3
MATK,MATK
PIAS4,PIAS4
TMIGD2,TMIGD2
TNFAIP8L1,TNFAIP8L1
DPP9,DPP9
ARRDC5,ARRDC5
VMAC,VMAC
CAPS,CAPS
SLC25A23,SLC25A23
CD70,CD70
SH2D3A,SH2D3A
ZNF557,ZNF557
ARHGEF18,ARHGEF18
CD320,CD320
ZNF414,ZNF414
ZNF317,ZNF317
ZNF699,ZNF699
ZNF559,ZNF559
ZNF266,ZNF266
ZNF121,ZNF121
OLFM2,OLFM2
S1PR5,S1PR5
CDKN2D,CDKN2D
SWSAP1,SWSAP1
EPOR,EPOR
ZNF627,ZNF627
ACP5,ACP5
ZNF439,ZNF439
ZNF763,ZNF763
ZNF136,ZNF136
ZNF44,ZNF44
ZNF563,ZNF563
ZNF799,ZNF799
ZNF564,ZNF564
HOOK2,HOOK2
JUNB,JUNB
IER2,IER2
CC2D1A,CC2D1A
ASF1B,ASF1B
DNAJB1,DNAJB1
ZNF333,ZNF333
PGLYRP2,PGLYRP2
HSH2D,HSH2D
KLF2,KLF2
HAUS8,HAUS8
FAM129C,FAM129C
MAST3,MAST3
IFI30,IFI30
ISYNA1,ISYNA1
CRTC1,CRTC1
UPF1,UPF1
SLC25A42,SLC25A42
PBX4,PBX4
ZNF14,ZNF14
ZNF253,ZNF253
ZNF93,ZNF93
ZNF682,ZNF682
ZNF626,ZNF626
ZNF66,ZNF66
ZNF85,ZNF85
ZNF714,ZNF714
ZNF429,ZNF429
ZNF43,ZNF43
ZNF208,ZNF208
ZNF675,ZNF675
ZNF681,ZNF681
ZNF726,ZNF726
ZNF254,ZNF254
LINC00662,LINC00662
PLEKHF1,PLEKHF1
ZNF507,ZNF507
DPY19L3,DPY19L3
ANKRD27,ANKRD27
NUDT19,NUDT19
CEP89,CEP89
GPATCH1,GPATCH1
KIAA0355,KIAA0355
ZNF181,ZNF181
ZNF599,ZNF599
ZNF30,ZNF30
ZNF792,ZNF792
FXYD1,FXYD1
FXYD7,FXYD7
LSR,LSR
HAMP,HAMP
DMKN,DMKN
ZBTB32,ZBTB32
KMT2B,KMT2B
PROSER3,PROSER3
ARHGAP33,ARHGAP33
TYROBP,TYROBP
THAP8,THAP8
ZNF565,ZNF565
ZFP82,ZFP82
ZNF566,ZNF566
ZNF260,ZNF260
ZNF529,ZNF529
ZNF529-AS1,ZNF529-AS1
ZNF382,ZNF382
ZNF461,ZNF461
ZNF567,ZNF567
ZNF790,ZNF790
ZNF345,ZNF345
ZNF829,ZNF829
ZNF568,ZNF568
ZNF420,ZNF420
ZNF585B,ZNF585B
ZNF383,ZNF383
HKR1,HKR1
ZNF527,ZNF527
ZNF569,ZNF569
ZNF570,ZNF570
ZNF793,ZNF793
ZNF540,ZNF540
ZNF571,ZNF571
ZFP30,ZFP30
ZNF781,ZNF781
ZNF573,ZNF573
CAPN12,CAPN12
RINL,RINL
NFKBIB,NFKBIB
IFNL1,IFNL1
SAMD4B,SAMD4B
ZFP36,ZFP36
EID2B,EID2B
DYRK1B,DYRK1B
FCGBP,FCGBP
ZNF546,ZNF546
LTBP4,LTBP4
B9D2,B9D2
CD79A,CD79A
LIPE,LIPE
LYPD3,LYPD3
PHLDB3,PHLDB3
ZNF576,ZNF576
PLAUR,PLAUR
SMG9,SMG9
ZNF283,ZNF283
ZNF45,ZNF45
ZNF155,ZNF155
ZNF230,ZNF230
ZNF222,ZNF222
ZNF284,ZNF284
ZNF225,ZNF225
ZNF234,ZNF234
ZNF227,ZNF227
ZNF235,ZNF235
ZNF180,ZNF180
APOE,APOE
APOC1,APOC1
APOC2,APOC2
MARK4,MARK4
PPP1R37,PPP1R37
PPP1R13L,PPP1R13L
FOSB,FOSB
OPA3,OPA3
FBXO46,FBXO46
DMPK,DMPK
DMWD,DMWD
IRF2BP1,IRF2BP1
ARHGAP35,ARHGAP35
ZC3H4,ZC3H4
BBC3,BBC3
C5AR1,C5AR1
DHX34,DHX34
LIG1,LIG1
TMEM143,TMEM143
SPHK2,SPHK2
MAMSTR,MAMSTR
BAX,BAX
FTL,FTL
GYS1,GYS1
LIN7B,LIN7B
FLT3LG,FLT3LG
FCGRT,FCGRT
NOSIP,NOSIP
PRR12,PRR12
SCAF1,SCAF1
ZNF473,ZNF473
SPIB,SPIB
CLDND2,CLDND2
NKG7,NKG7
ZNF175,ZNF175
ZNF649,ZNF649
ZNF614,ZNF614
ZNF432,ZNF432
ZNF616,ZNF616
ZNF836,ZNF836
ZNF610,ZNF610
ZNF528,ZNF528
ZNF808,ZNF808
ZNF701,ZNF701
ZNF611,ZNF611
ZNF600,ZNF600
ZNF28,ZNF28
ZNF468,ZNF468
ZNF816,ZNF816
ZNF347,ZNF347
ZNF665,ZNF665
ZNF677,ZNF677
ZNF525,ZNF525
ZNF765,ZNF765
ZNF761,ZNF761
ZNF813,ZNF813
ZNF331,ZNF331
MYADM,MYADM
LILRA4,LILRA4
LENG8-AS1,LENG8-AS1
LAIR2,LAIR2
KIR2DL4,KIR2DL4
KIR3DL2,KIR3DL2
NCR1,NCR1
RDH13,RDH13
TMEM86B,TMEM86B
ZNF865,ZNF865
ZSCAN5A,ZSCAN5A
ZNF582,ZNF582
ZNF582-AS1,ZNF582-AS1
ZNF583,ZNF583
ZFP28,ZFP28
ZNF264,ZNF264
ZNF543,ZNF543
ZNF304,ZNF304
ZNF548,ZNF548
ZNF17,ZNF17
ZNF773,ZNF773
ZNF549,ZNF549
ZNF550,ZNF550
ZNF530,ZNF530
ZNF134,ZNF134
ZNF211,ZNF211
ZNF671,ZNF671
ZNF776,ZNF776
ZNF586,ZNF586
ZNF552,ZNF552
ZNF814,ZNF814
ZNF587,ZNF587
ZNF256,ZNF256
ZNF606,ZNF606
ZSCAN18,ZSCAN18
ZNF329,ZNF329
ZNF544,ZNF544
ZNF8,ZNF8
ZNF324,ZNF324
ZNF446,ZNF446
MZF1,MZF1
LINC00528,LINC00528
MICAL3,MICAL3
PEX26,PEX26
DGCR2,DGCR2
GNB1L,GNB1L
DGCR8,DGCR8
ZDHHC8,ZDHHC8
ZNF74,ZNF74
LZTR1,LZTR1
THAP7-AS1,THAP7-AS1
YPEL1,YPEL1
TOP3B,TOP3B
ZNF280B,ZNF280B
BCR,BCR
VPREB3,VPREB3
DERL3,DERL3
SLC2A11,SLC2A11
SPECC1L,SPECC1L
GGT1,GGT1
SGSM1,SGSM1
KIAA1671,KIAA1671
SRRD,SRRD
MIAT,MIAT
MIATNB,MIATNB
CCDC117,CCDC117
RHBDD3,RHBDD3
MTMR3,MTMR3
OSM,OSM
SEC14L2,SEC14L2
MTFP1,MTFP1
DUSP18,DUSP18
LIMK2,LIMK2
PIK3IP1,PIK3IP1
PATZ1,PATZ1
EIF4ENIF1,EIF4ENIF1
SFI1,SFI1
DEPDC5,DEPDC5
APOL1,APOL1
IL2RB,IL2RB
LGALS2,LGALS2
LGALS1,LGALS1
H1F0,H1F0
ANKRD54,ANKRD54
PLA2G6,PLA2G6
MAFF,MAFF
CBY1,CBY1
JOSD1,JOSD1
NPTXR,NPTXR
APOBEC3D,APOBEC3D
APOBEC3F,APOBEC3F
APOBEC3G,APOBEC3G
APOBEC3H,APOBEC3H
CBX7,CBX7
PDGFB,PDGFB
TAB1,TAB1
SLC25A17,SLC25A17
XPNPEP3,XPNPEP3
ZC3H7B,ZC3H7B
C22orf46,C22orf46
TNFRSF13C,TNFRSF13C
CENPM,CENPM
TTLL1,TTLL1
TTLL12,TTLL12
CDPF1,CDPF1
TTC38,TTC38
BRD1,BRD1
PIM3,PIM3
TUBGCP6,TUBGCP6
PPP6R2,PPP6R2
KLHDC7B,KLHDC7B
MIR155HG,MIR155HG
GABPA,GABPA
APP,APP
N6AMT1,N6AMT1
RWDD2B,RWDD2B
MAP3K7CL,MAP3K7CL
TIAM1,TIAM1
MIS18A,MIS18A
EVA1C,EVA1C
SYNJ1,SYNJ1
C21orf62-AS1,C21orf62-AS1
SLC5A3,SLC5A3
SETD4,SETD4
CBR3,CBR3
HLCS,HLCS
DYRK1A,DYRK1A
MX1,MX1
PRDM15,PRDM15
PKNOX1,PKNOX1
TRAPPC10,TRAPPC10
ADARB1,ADARB1
POFUT2,POFUT2
COL18A1,COL18A1
COL6A2,COL6A2
LSS,LSS
MCM3AP-AS1,MCM3AP-AS1
DIP2A,DIP2A
S100B,S100B
MT-ND2,MT-ND2
MT-ATP8,MT-ATP8
MT-ND6,MT-ND6
TRBV28,TRBV28
KRT81,KRT81
SLC35E2A,SLC35E2A
CRYBG2,CRYBG2
AC004865.2,AC004865.2
ARMH1,ARMH1
SHISAL2A,SHISAL2A
PATJ,PATJ
MIGA1,MIGA1
AC099063.4,AC099063.4
LRRC8C-DT,LRRC8C-DT
AC093157.1,AC093157.1
AL365361.1,AL365361.1
TENT5C,TENT5C
AC239800.3,AC239800.3
AC246785.3,AC246785.3
AC245014.3,AC245014.3
PRUNE1,PRUNE1
UTP25,UTP25
FLVCR1-DT,FLVCR1-DT
PCNX2,PCNX2
LINC01871,LINC01871
AC015982.1,AC015982.1
LINC01943,LINC01943
CYTOR,CYTOR
AC092683.1,AC092683.1
AC012360.3,AC012360.3
AC079922.2,AC079922.2
LINC01934,LINC01934
AC020571.1,AC020571.1
AC013264.1,AC013264.1
SGO2,SGO2
AC018816.1,AC018816.1
LINC02084,LINC02084
AC093010.2,AC093010.2
AC139887.2,AC139887.2
NSD2,NSD2
LINC02482,LINC02482
AC093323.1,AC093323.1
LINC002481,LINC002481
AP001816.1,AP001816.1
AC097376.2,AC097376.2
LINC02273,LINC02273
AC097534.2,AC097534.2
SLC9A3,SLC9A3
RETREG1,RETREG1
SELENOP,SELENOP
AC025171.2,AC025171.2
AL031777.3,AL031777.3
AL662844.4,AL662844.4
AC019205.1,AC019205.1
MANEA-DT,MANEA-DT
AL357060.1,AL357060.1
AC016831.1,AC016831.1
AC073111.5,AC073111.5
AC009403.1,AC009403.1
BEX3,BEX3
INTS6L,INTS6L
PINX1.1,PINX1.1
AC145124.1,AC145124.1
AC026979.2,AC026979.2
AC090152.1,AC090152.1
CDC37L1-DT,CDC37L1-DT
CEMIP2,CEMIP2
LINC00476,LINC00476
ELP1,ELP1
AL441992.1,AL441992.1
KYAT1,KYAT1
BRD3OS,BRD3OS
PGGHG,PGGHG
AP006621.3,AP006621.3
FAM111A-DT,FAM111A-DT
AP005019.1,AP005019.1
AP002360.1,AP002360.1
AP000787.1,AP000787.1
AP002884.1,AP002884.1
JHY,JHY
MINDY3,MINDY3
FAM241B,FAM241B
LINC02446,LINC02446
AC023157.3,AC023157.3
AC008083.2,AC008083.2
AC074032.1,AC074032.1
AC073896.2,AC073896.2
AC084033.3,AC084033.3
ATP23,ATP23
AC025159.1,AC025159.1
BICDL1,BICDL1
LINC02361,LINC02361
AL359513.1,AL359513.1
DNAJC3-DT,DNAJC3-DT
TOGARAM1,TOGARAM1
AL627171.1,AL627171.1
PCNX4,PCNX4
AL359220.1,AL359220.1
LINC02328,LINC02328
FAM30A,FAM30A
AC020659.1,AC020659.1
EIF3J-DT,EIF3J-DT
AC108134.2,AC108134.2
AC012645.3,AC012645.3
AC002310.1,AC002310.1
AC009061.2,AC009061.2
CARMIL2,CARMIL2
RFLNB,RFLNB
AC127521.1,AC127521.1
AC022916.1,AC022916.1
AC022706.1,AC022706.1
LINC02001,LINC02001
CCL3L1,CCL3L1
AC006449.6,AC006449.6
AC004585.1,AC004585.1
AC067852.2,AC067852.2
OR4D1,OR4D1
AC091271.1,AC091271.1
AC111182.1,AC111182.1
AC139530.1,AC139530.1
AC027097.1,AC027097.1
OSER1-DT,OSER1-DT
AC119396.1,AC119396.1
AC006504.5,AC006504.5
COQ8B,COQ8B
AC243960.1,AC243960.1
AC020915.3,AC020915.3
Z82206.1,Z82206.1
AL021453.1,AL021453.1
Z93241.1,Z93241.1
RTL6,RTL6
TNFRSF14-AS1,TNFRSF14-AS1
BX284668.6,BX284668.6
AC078883.1,AC078883.1
DHFR2,DHFR2
CPLANE1,CPLANE1
AC025171.3,AC025171.3
AL357054.4,AL357054.4
BX890604.1,BX890604.1
AC087741.1,AC087741.1
AC245060.5,AC245060.5
AL109741.1,AL109741.1
NECTIN3,NECTIN3
WHRN,WHRN
MIGA2,MIGA2
AC007541.1,AC007541.1
TESMIN,TESMIN
LINC00663,LINC00663
AC021188.1,AC021188.1
TRGV8,TRGV8
TRBV6-5,TRBV6-5
KLRC3,KLRC3
TSPOAP1,TSPOAP1
IGHG2,IGHG2
